COL0,COL1,COL2,COL3,COL4,COL5
155190,1,21168.23,0.04,N,blithely regular ideas caj
67310,2,45983.16,0.09,N,slyly bold pinto beans detect s
63700,3,13309.60,0.10,N,deposits wake furiously dogged
2132,4,28955.64,0.09,N,even ideas haggle. even
24027,5,22824.48,0.10,N,carefully final gr
15635,6,49620.16,0.07,N,furiously regular accounts haggle bl
106170,1,44694.46,0.00,N,carefully ironic platelets against t
4297,1,54058.05,0.06,R,blithely s
19036,2,46796.47,0.10,R,final
128449,3,39890.88,0.06,A,carefully silent pinto beans boost fur
29380,4,2618.76,0.01,A,fluffily unusual deposits hag
183095,5,32986.52,0.04,R,blithely pending platelets according
62143,6,28733.64,0.10,A,ideas until the unusual packages c
88035,1,30690.90,0.03,N,special dependencies am
108570,1,23678.55,0.02,R,unusual
123927,2,50723.92,0.07,R,blithely even accoun
37531,3,73426.50,0.08,A,express platelets integr
139636,1,61998.31,0.08,A,ruthlessly unusual warhorses sleep slyly af
182052,1,13608.60,0.07,N,pending requests sleep furiously above
145243,2,11594.16,0.08,N,carefully spe
94780,3,81639.88,0.10,N,carefully exp
163073,4,31809.96,0.03,N,final deposits are quickly. furiously even
151894,5,73943.82,0.08,N,blithely expres
79251,6,43058.75,0.06,N,blithely silent accoun
157238,7,6476.15,0.04,N,furiously pending theodolit
82704,1,47227.60,0.05,N,ironic requests dazzle. final d
197921,2,64605.44,0.02,N,regular accounts cajole
44161,3,2210.32,0.09,N,furiously bold deposits 
2743,4,6582.96,0.09,N,slyly bold requests nag. fluffily
85811,5,79059.64,0.05,N,slyly ironic notornis bo
11615,6,9159.66,0.04,N,requests integrat
61336,1,40217.23,0.09,A,slyly even requests are f
60519,2,47344.32,0.02,A,special theodolites boost 
137469,3,7532.30,0.05,A,bold requests affix alongside of the slyly 
33918,4,75928.31,0.09,R,furiously regular deposits are carefully id
88362,1,17554.68,0.00,N,regular deposits grow. regu
89414,2,30875.02,0.08,N,carefully idle ins
169544,3,9681.24,0.02,N,furiously final ideas thrash carefully bo
450,1,32410.80,0.02,N,dolphins along the slyly ir
161940,2,68065.96,0.06,N,fluffily final deposits are bl
120896,3,13418.23,0.06,N,quickly even depo
85175,4,29004.25,0.06,N,slyly special excuses wake carefully ironic
119917,5,65854.94,0.08,N,quickly regular instructions try t
30762,6,47397.28,0.03,N,slyly final foxes haggle blithely de
119767,1,75043.92,0.09,N,accounts sleep furiously bli
22630,1,62105.20,0.09,A,slyly final accounts caj
126782,2,70542.42,0.05,A,regular
12903,3,78083.70,0.05,A,fluffily f
175839,1,84252.52,0.04,N,carefully final packages
2320,1,53782.08,0.09,N,theodolites are bold foxes. fi
186582,2,43383.08,0.08,N,carefully even instructions sleep car
67831,3,82746.18,0.06,N,ideas cajole 
20590,4,48338.88,0.07,N,final theodolites
54519,5,63360.93,0.01,N,ideas haggle 
94368,6,54494.40,0.06,N,enticingly even
85951,1,40675.95,0.05,R,furiously regular
59694,1,42995.94,0.03,A,silent
73815,2,39353.82,0.00,N,regular
1388,3,27076.98,0.09,N,ironically regular theodolites ha
115118,1,35126.41,0.00,R,closely bo
173489,2,64061.68,0.04,A,furiously final waters are sl
21636,1,6230.52,0.09,N,carefully final theodolites inte
20193,2,13358.28,0.09,N,carefully bold pa
173600,3,8368.00,0.03,N,bold excuses wake quickly ac
87514,4,66066.44,0.08,N,pending ideas after the deposits cajole f
40613,5,35733.03,0.05,N,unusual depos
178306,6,40144.70,0.02,N,furiously regular ideas abov
7068,1,2925.18,0.05,N,ironic
175180,2,57738.28,0.02,N,special reque
34980,3,88089.08,0.04,N,blithely ironic packages sleep f
94728,4,34454.40,0.07,N,fluffily specia
82758,5,47000.25,0.03,N,quickly fi
102561,6,46906.80,0.05,N,final
139247,7,52735.84,0.09,N,final
115209,1,58761.60,0.01,A,dependencies serve
104180,2,37893.76,0.08,A,express attainment
137267,3,22172.42,0.09,A,carefully regular requests sleep a
37502,4,4318.50,0.09,R,regular dependencies are car
92070,5,44606.94,0.07,R,ideas are carefully pending asymptotes. 
18504,6,32717.50,0.05,A,sly theodolites along th
64128,1,8736.96,0.03,R,even pinto beans are alongside o
196156,2,16277.95,0.06,A,excuses haggl
179809,3,1888.80,0.03,R,even packages haggle carefull
45734,4,18477.03,0.01,A,regular
37131,5,39520.81,0.09,R,fluffily even deposits nag fluffil
55655,6,30602.35,0.06,A,slyly special ideas after the r
61931,1,47323.25,0.09,N,unusual platelets are
65916,2,5645.73,0.09,N,slyly regu
34432,3,61489.35,0.00,N,accounts lose about the iro
96645,4,54174.12,0.00,N,pending accounts sleep furiously pinto 
103255,5,49071.75,0.08,N,bravely regular packag
195635,6,58841.42,0.04,N,quickly express ideas detect blithely acros
123076,1,25278.61,0.10,A,furiously express f
135390,2,42761.70,0.01,R,regular ide
119477,1,19454.11,0.00,R,slyly final packages affix f
49568,2,56149.72,0.02,A,blithely bold deposits are at th
77699,3,31857.11,0.06,R,permanent hockey players
40216,1,32373.88,0.06,A,final
109743,2,1752.74,0.00,A,carefully pen
44706,3,23109.80,0.05,A,regular deposits wake
167180,4,12471.80,0.03,A,regular braids s
87114,1,11011.10,0.02,A,unusual
123766,2,8948.80,0.02,R,blithely unusual t
134082,3,46875.36,0.02,A,blithely regular deposits
108338,4,48467.88,0.09,A,quickly regular packages cajole furious
62029,1,27748.56,0.04,N,stealthily ironic packages according to th
115979,2,43889.34,0.00,N,regular depo
46150,3,50422.90,0.03,N,furiously regular accounts hagg
38024,4,13468.28,0.06,N,carefully even pinto beans after the dog
53439,5,51519.91,0.05,N,slyly special packages nag against t
118282,1,63713.72,0.10,N,carefully even 
163334,2,50303.88,0.00,N,final deposit
138418,3,17476.92,0.06,N,final packages gr
88914,1,70407.67,0.06,N,fluffily regular ideas ar
169238,2,44445.82,0.03,N,quickly express packa
182321,3,35083.00,0.01,N,instructions sleep. carefully even de
61158,4,16787.25,0.07,N,carefully qu
194658,1,10515.90,0.03,N,carefully bold packages are slyly even
10426,2,49447.54,0.02,N,furiously even ideas cajole 
28431,3,31266.89,0.01,N,dolphins b
29022,4,30432.64,0.01,N,platelets sleep quick
106828,1,69723.16,0.06,A,carefully bold ac
2867,1,81413.56,0.08,R,even accounts after the
185164,2,44969.76,0.01,A,blithely regular dolphins int
39444,3,45653.52,0.04,A,deposits serve slyly quickly ironi
135137,4,39852.42,0.00,R,carefully regular foxes are furiou
31373,5,31304.88,0.06,A,furiously unusual theodolites acr
77050,6,22595.10,0.06,R,final realms affi
168569,7,1637.56,0.05,R,busily express i
128816,1,25827.34,0.08,A,carefully bold theodolites 
1739,2,78755.04,0.03,R,express
11860,3,31893.48,0.04,A,blithely unusua
115635,4,21458.19,0.09,R,carefully busy asymp
69130,5,34073.03,0.06,R,fluffily even pla
167505,1,70762.50,0.10,R,express asymptotes eat
44255,2,59962.50,0.02,A,ironic asymptotes eat ruthlessl
189021,3,4440.08,0.04,A,slyly final excuses haggle furiou
140449,1,26809.92,0.00,R,bold
119053,2,46098.15,0.01,R,ironic
114419,3,45869.12,0.04,A,furiously ironic requests
28082,4,23231.84,0.10,A,blithely pending pac
103432,1,38756.61,0.00,N,furiously final ideas s
176279,2,16263.24,0.02,N,finally brave dependencies could have to d
117350,3,39653.15,0.09,N,ironic
89855,4,20293.35,0.06,N,carefully regular 
641,1,32374.44,0.00,A,quickly final packages
164645,2,59837.40,0.06,A,slowly bold ideas haggle cl
188252,3,34846.50,0.09,A,pending accounts could have
144002,4,49162.00,0.05,A,final
35172,5,13286.04,0.05,A,silent Tiresias cajole. furiously bo
133103,6,13633.20,0.00,A,even
108205,1,57020.40,0.06,N,final deposits wa
198344,2,30289.14,0.00,N,furiously express escapades against t
157510,3,51727.83,0.02,N,furiously fina
67005,4,33048.00,0.02,N,bold
136248,5,25684.80,0.01,N,bold dugouts above the ironic dependenc
115000,6,13195.00,0.04,N,quickly regular pack
14785,1,61192.08,0.07,N,foxes are blithely carefully even accounts.
86382,2,30104.36,0.00,N,slyly fina
20080,3,34002.72,0.01,N,slyly unusual de
102810,1,34443.39,0.01,A,carefully quiet warthogs cajole 
189288,1,2754.56,0.02,N,carefully ironic requests wake fluffily
167545,1,69339.22,0.01,N,final accounts cajole. carefully sil
120702,2,22395.10,0.01,N,furiously express ideas affix. requests 
36818,3,47379.87,0.04,N,carefully special requests are after the
192642,4,8673.20,0.02,N,carefully 
126090,5,13393.08,0.10,N,quickly final the
190825,6,38316.40,0.00,N,furiously bold requests a
91309,1,33807.80,0.09,A,ironic foxes bey
18488,2,33755.52,0.05,R,ironic platelets detec
125509,3,58311.00,0.03,R,furiously ironic pinto 
17526,4,46192.64,0.05,R,unusual reque
147505,5,66757.50,0.06,R,express
108896,6,51432.03,0.10,R,furiously ironic packages detect above
3037,7,21620.69,0.09,A,even accounts cajole quickly
33175,1,3324.51,0.01,R,express packages are blithely. furiously e
161627,2,72610.66,0.08,R,carefully regular warhors
58520,3,22177.80,0.00,R,depths solve slyly across th
139190,4,60230.31,0.07,A,express in
155084,5,30755.16,0.01,R,asymptotes sublate alongside
64888,1,68556.56,0.09,N,furiously silent ideas sleep blith
166366,2,18620.68,0.09,N,regular
99652,3,67717.65,0.07,N,final dolphins h
45027,4,7776.16,0.05,N,deposits aro
101171,1,32820.76,0.06,R,blithely even
171555,2,43916.85,0.09,R,asymptotes cajole careful
97017,1,23322.23,0.00,N,regular braids are carefull
161368,2,28587.20,0.07,N,idly ironic ideas about t
110252,3,18933.75,0.09,N,silent
196400,4,2992.80,0.06,N,carefully final packages print b
82915,5,47447.75,0.02,N,accounts abou
141003,6,46980.00,0.00,N,fluffily regular requests detect car
92638,1,14675.67,0.06,A,daring
153954,2,30119.25,0.02,R,pinto beans doubt f
93878,3,43053.01,0.06,A,blithely pending dependencies ca
2594,1,25442.03,0.05,R,carefully unusual attainment
183523,2,1606.52,0.04,R,furiously i
65994,3,25479.87,0.08,A,regular
145146,4,42881.04,0.00,R,theodolites against the fluffily
56176,5,9057.36,0.04,R,busy
148984,6,32527.68,0.06,A,slyly unusual requests sleep furiousl
167828,7,39812.22,0.02,R,foxes breach blit
84590,1,9447.54,0.04,A,furiously silent requests 
93847,2,75474.44,0.05,A,slyly regular
85446,3,48668.96,0.08,R,slyly ironic requests 
85442,4,58525.04,0.06,R,carefully even foxes daz
135052,1,20653.95,0.03,R,carefully busy d
9852,2,26427.75,0.03,A,slyly close theodolites play blithely fur
98494,1,58207.11,0.02,N,unusual sentiments ab
177103,2,9440.80,0.09,A,packages detect furiously
155829,3,32041.94,0.06,N,fluffily regular packages use aga
17936,4,46348.25,0.04,N,blithely regular deposits sleep alongside
41466,5,19704.44,0.09,R,regular
105880,6,1885.88,0.07,N,slyly special accounts affix 
56061,1,33562.98,0.07,N,ironic excuses detect fluffily.
15229,2,22884.40,0.03,N,blithely final ideas 
148058,3,16590.75,0.04,N,fluffily final asymptotes wake along 
10371,4,44847.95,0.08,N,furiously reg
101952,5,64480.35,0.02,N,quickly pending acc
132072,1,55203.50,0.02,N,furiously fina
133998,2,60959.70,0.08,N,furiously express instructi
150111,1,18577.76,0.04,A,pending pa
108609,2,54998.40,0.04,R,ruthlessly final deposits sleep fluffil
189967,3,84335.36,0.07,A,carefully express theodolites haggle caref
166377,4,17320.44,0.08,R,slyly even asympt
93857,5,83288.25,0.07,R,regular sauternes
50010,6,3840.04,0.02,R,fluffily ironic accounts cajol
171925,1,7987.68,0.09,N,deposits use. reg
130565,2,4786.68,0.00,N,ironic accounts accordin
198212,3,58959.45,0.06,N,carefully unusual requests along the blith
146071,4,26809.68,0.00,N,quickly ironic packages are
7589,5,46393.98,0.04,N,furiously ironic requests within t
131835,6,22401.96,0.00,A,furiously expr
141233,7,56066.12,0.10,N,carefully ironic a
96909,1,7623.60,0.00,R,furiously final instruc
137802,2,84630.80,0.06,A,quickly final theodol
37309,3,43620.50,0.09,A,packages wake slyly. furiously unusua
40633,4,70813.35,0.10,R,furiously even foxes was blithely sly
117956,5,3947.90,0.07,R,ironic theodolites nag. slyly f
82937,6,92156.64,0.02,A,slyly close deposits haggle quickly under 
117961,7,27705.44,0.09,R,ideas use carefully. silent decoys cajole
165335,1,26606.27,0.05,N,regular
174102,2,28226.40,0.07,N,slyly unusual theodolites wake. caref
4039,1,2829.09,0.10,A,regular packages detect slyly. c
83580,1,31271.60,0.02,R,final accounts integrate. blithe
128904,2,56054.10,0.07,A,slyly pending Ti
78526,3,42126.56,0.02,R,final deposits
176948,4,6074.82,0.02,R,slyly silent deposits sleep carefu
155180,5,40760.94,0.03,R,asymptotes
105393,6,40553.31,0.04,R,furiously fi
185863,1,89647.56,0.09,R,carefully even deposits boos
194908,2,12017.40,0.03,A,quickly silent dependencies wake slyl
7367,3,1274.36,0.07,R,furiously pending pinto beans in
9164,4,47219.04,0.08,R,blithely regular pinto bean
18923,5,14735.36,0.09,R,furiously ironic e
33927,6,14887.36,0.00,R,platelets sleep along the carefully
158356,1,22629.60,0.04,R,slyly express requests are aroun
83359,2,61748.10,0.04,R,carefully regular dolphins
198124,3,61106.00,0.09,A,bold packag
56760,4,53219.56,0.08,A,bold requests boost carefully against the e
88233,1,26867.06,0.09,R,slyly final dependencies acc
118399,2,56695.60,0.10,A,carefully p
129111,3,51304.95,0.02,R,pending package
146229,1,8926.54,0.05,N,blithely unusual inst
106194,1,9601.52,0.00,R,quick theodolites above th
196119,2,48604.40,0.10,A,quickly final platele
161762,3,82069.20,0.07,R,instructions boos
132912,4,60292.21,0.02,A,slyly pending ideas cajole. caref
35959,5,47373.75,0.08,A,slyly regular r
146467,6,54484.56,0.09,A,blithely ironic accounts
98779,1,24888.78,0.00,A,pending
161982,2,28615.72,0.03,R,requests up the packages in
23514,3,60375.42,0.09,R,pending pinto beans are.
195335,4,4290.99,0.08,R,packages must cajole slyly even 
192201,5,7759.20,0.00,R,quickly even accounts haggle carefully
155887,1,97144.00,0.07,N,regular
182736,2,47286.98,0.02,N,quickly even dependen
41222,3,31406.94,0.05,N,express theodolites should en
5337,4,36027.57,0.10,N,accounts haggle. final
95286,5,56376.32,0.01,N,furiously final deposits among the blithely
1349,1,42511.56,0.05,R,quickly even accoun
65662,2,32553.20,0.00,R,quickly final dolphins ought to are-- 
173959,3,56922.60,0.08,R,furiously even in
118455,4,72199.05,0.04,R,blithely express foxes nag. even fo
60469,5,70043.54,0.01,A,final theo
96989,6,39719.60,0.06,A,pinto beans haggle ironic
191186,1,49810.02,0.01,N,ironic deposits 
60074,2,34124.31,0.09,N,theodolites cajole slyly above the fluffil
58695,3,57879.15,0.05,N,quickly unusua
23960,1,41447.12,0.06,R,pending foxes are quickly alongside of the 
84557,2,13873.95,0.08,A,express
142891,3,96694.50,0.06,R,carefully expr
50641,1,49340.84,0.00,N,silently reg
116386,2,68716.62,0.08,N,blithely final 
98833,3,65945.88,0.02,N,slyly even foxes alongside of 
78406,4,26303.60,0.07,N,special requests sleep alongside of the re
161894,5,60632.59,0.10,N,carefully express deposits wake quickly 
173280,1,33832.00,0.07,N,quickly regular theodolites detect a
111800,2,10870.80,0.06,N,furiously 
16996,3,84171.56,0.10,N,slyly even deposits cajole furi
39439,4,66164.64,0.01,N,slyly furious accounts x-ray
46285,5,16006.64,0.10,N,furiously unusual requ
5351,1,43972.25,0.01,R,theodolites
128923,2,3903.84,0.05,A,unusual
1888,3,8949.40,0.03,A,even frays mold. final
123741,4,40589.02,0.05,R,blithely u
122565,1,33338.76,0.05,A,sly theodolites use after th
137316,2,25712.89,0.08,R,thin dolphi
60874,3,55046.10,0.10,R,regular pearls above t
153561,1,12916.48,0.10,R,furiously regular excuses
99249,2,29957.76,0.08,R,ironic instructions 
8960,1,26165.44,0.02,R,regular foxes boost furiously.
186406,2,16416.40,0.10,R,fluffily even platelets upon the special
117267,3,16695.38,0.04,A,dependencies nag blithely. 
59620,1,48968.22,0.00,R,slyly unusual ideas haggle
197507,1,46530.50,0.02,A,express deposits haggle. fluffily
91344,2,34718.84,0.04,R,carefully even p
15283,3,9586.24,0.10,R,ideas haggle. slyly special dolphin
60621,4,41122.12,0.10,A,quickly final acc
4415,1,39582.30,0.05,N,quickly even frets unwind carefully acc
192158,2,16251.95,0.03,N,final
318,1,25584.51,0.01,A,final asymptotes haggle 
140433,2,60410.63,0.08,R,carefully final account
152499,1,18617.88,0.08,A,carefully unusual instructions
43662,2,77071.68,0.02,A,furiously ironi
12673,3,31713.40,0.04,R,ironic instructions are sl
183246,4,13292.40,0.06,R,busy theodolites detect fluffily
11605,5,53081.00,0.07,A,blithely ironic accounts are a
33310,6,3729.93,0.08,A,deposits detect above the slyly fin
37435,7,6862.15,0.01,A,ironic
163628,1,84581.00,0.05,A,bold dependenc
95136,2,20360.34,0.06,R,accounts lose slyl
142725,3,15909.48,0.07,A,ironic
199475,1,40936.22,0.07,R,slyly express packa
158791,1,62892.86,0.09,A,furiously pending instructions a
185139,2,6120.65,0.07,A,unusual theodolites nag quickly agai
18788,3,59737.30,0.07,A,regular de
179094,1,48096.69,0.06,N,deposits cajole am
19480,2,53180.24,0.02,N,furiously final asymptotes boost. quickly 
183739,3,45568.25,0.03,N,quickly even platelets after the 
84836,4,9104.15,0.03,N,furiously ironic packages against the b
34543,5,45803.74,0.04,N,ruthlessly ironic ins
156712,6,72517.11,0.02,N,silent
42134,7,50578.11,0.04,N,carefully even accounts snoo
143503,1,24744.00,0.03,N,regular packages are alongside
41715,2,14910.39,0.09,A,theodolites play along
63762,1,29337.92,0.07,R,fluffily regular theodolites 
119305,1,54296.30,0.00,A,blithely even theodolite
147542,2,46096.66,0.09,A,bold
134318,3,16227.72,0.06,R,carefully express reques
77071,4,48211.22,0.00,A,fluffily silent 
116803,5,16378.20,0.02,A,deposits haggle furiously around the caref
102699,6,66365.91,0.02,A,furiously pending requests pla
49480,1,20012.72,0.08,N,slyly regular accounts aga
193864,2,46988.64,0.01,N,slyly even dependencies alongside of the
58125,3,54156.00,0.08,N,fluffily ironic theodolites wake slyly 
106672,4,11750.69,0.06,N,blithely ironic notornis wake accordi
30527,5,26235.36,0.04,N,quickly thin accounts ha
61082,6,37550.88,0.03,N,carefully express requests use
4660,7,21905.24,0.01,N,ironic accounts sleep fur
113959,1,61161.45,0.09,A,furiously express deposits h
96030,2,42067.23,0.05,A,slyly bold sautern
45214,1,4636.84,0.10,A,carefully ironic deposits detect r
107463,2,70582.08,0.02,R,even dependencies
118002,3,35700.00,0.08,R,express foxes sleep furi
55342,4,53190.94,0.07,A,blithely ironic theodolites integr
124271,5,47924.99,0.05,A,requests ca
113143,1,30059.64,0.06,N,fluffy
185814,2,68393.16,0.07,N,always ironic deposi
164807,3,59897.60,0.05,N,final deposits after the 
190028,1,45838.82,0.06,A,carefully express accounts c
189955,2,65438.40,0.05,A,quickly even instructions wake.
168710,3,71148.40,0.09,A,furiously regul
96557,4,23303.25,0.08,A,blithely idle requests nag c
28629,5,28037.16,0.01,R,deposits affix slyly ideas. boldly f
161283,6,43016.96,0.03,R,fluffily blithe accounts wak
82916,7,85450.95,0.05,A,silent requests along the even asymp
165980,1,61379.40,0.00,A,special theodolites cajole. bl
11158,2,19244.70,0.00,A,accounts doubt special foxes. careful
131463,3,25405.82,0.07,A,furiously ironic accounts haggle
89985,4,75049.24,0.10,R,enticing somas cajole car
167239,5,14368.53,0.01,A,slyly regular ideas sleep
182663,6,40150.18,0.04,R,idly final theodolites haggle quickly. p
178442,1,57776.72,0.07,R,carefully final 
63342,2,63961.66,0.09,A,ironic
181502,3,17418.50,0.02,A,packages shall sleep fluffily! sly
92053,4,11495.55,0.00,R,carefully 
131403,5,20081.60,0.08,R,bold
166446,1,10587.08,0.05,N,pending
53025,2,44988.92,0.08,N,slow notornis wake slyly quickly fin
152405,1,56838.60,0.10,A,unusual
68123,2,17457.92,0.06,A,fluffily regular packages use slyly
130081,3,41109.96,0.09,A,carefully regular foxe
136667,1,1703.66,0.08,N,slyly regular courts are slyly pac
152800,2,77817.60,0.07,N,regular
96392,3,55535.60,0.09,N,slyly final reque
55927,4,35775.48,0.08,N,slyly bold deposits kindle carefully
148313,5,43561.92,0.08,N,final asymptotes sleep at the silent
32590,1,63948.78,0.05,R,special accounts are slyly. expres
127808,2,84446.80,0.07,A,quickly even requests haggle furiously rut
64486,3,58019.20,0.06,A,quickly regular packages integrate. quickl
189295,1,2768.58,0.09,R,ironic requests wak
106523,1,15295.20,0.02,N,slyly regular dependencies wake aft
123353,2,23397.95,0.09,N,slyly special packages haggle slyly unusual
183266,3,62065.96,0.07,N,blithely express deposits slee
141937,4,83115.06,0.01,N,express requ
127657,5,21900.45,0.02,N,special ideas afte
124632,6,18222.93,0.09,N,blithely silent
84937,7,46126.32,0.05,N,regular
121586,1,22506.12,0.09,R,slyly ironic packages nag f
93563,1,38914.00,0.00,A,furiously bold ideas boost furiou
110869,2,41356.92,0.10,R,final excuses are above the express asympt
174101,3,29377.50,0.07,R,furiously bold acc
39560,1,58482.84,0.01,A,special accounts detect f
69212,2,21261.78,0.00,R,ironic
44192,3,46583.79,0.10,R,quick requests cajole ruthlessl
131087,4,2236.16,0.01,R,carefully regular pin
18552,1,45587.05,0.00,N,carefully regula
1062,2,963.06,0.04,N,blithely u
34829,3,5291.46,0.04,N,special instructions wake
152691,1,57541.77,0.05,N,final instructions hagg
64192,2,36998.08,0.01,N,furiously careful deposits nag 
70495,3,21982.35,0.07,N,blithely even
8756,4,24971.25,0.01,N,requests above the quickly regular 
148401,5,24639.80,0.01,N,regular platelet
100885,1,9429.40,0.04,N,furiously regular theodolites haggle sly
161079,2,25081.54,0.05,N,express pinto beans wake quickly furi
47557,3,67704.75,0.09,N,pinto beans haggle carefully. even platele
74795,4,21237.48,0.08,N,carefully regul
72918,5,69963.67,0.02,N,pending accounts are slyly final 
123736,6,70389.20,0.01,N,slyly regular packa
15978,7,73864.83,0.00,N,slyly even packages affix blithely alo
133070,1,1103.07,0.02,R,final
151816,1,46695.25,0.10,N,unusual
170666,2,17366.60,0.02,N,pending depend
175984,3,94759.08,0.09,N,slyly silent acc
161622,4,42090.50,0.10,N,quickly final p
131890,1,51891.03,0.06,N,even
125197,1,4888.76,0.00,N,even
172359,2,65842.10,0.05,N,carefully regular re
26809,3,60753.00,0.10,N,quickly even package
169045,4,8912.32,0.10,N,carefully regula
137283,5,30366.44,0.02,N,blithely ironic sentiments after the stea
151908,1,23518.80,0.02,N,accounts a
108408,2,5665.60,0.10,N,bold frays haggle
9982,3,5675.94,0.07,N,fluffily regular deposits are sly
157659,4,37766.30,0.07,N,sheaves sleep bl
161582,1,69030.36,0.03,N,silent sentiments across the 
106298,2,6521.45,0.03,A,ironic deposits
142528,3,50256.64,0.06,N,final
56267,4,48930.40,0.05,R,furiously dogged asymptotes
78048,5,2052.08,0.09,A,even accounts haggle carefull
152726,6,58697.76,0.08,R,fluffily final instructions 
129532,1,56215.08,0.02,N,hockey players wake furiou
32028,2,40320.84,0.05,N,fluffily final requests haggle furiously b
86136,3,1122.13,0.07,N,bold foxes integrate? final pinto beans acc
76558,4,42967.40,0.04,N,carefully even theodolites boost. pinto be
114639,1,3307.26,0.04,N,blithely even requests integrate fu
197917,1,90670.95,0.01,N,fluffily regular accounts detect 
175131,2,45832.94,0.08,N,boldly regular pinto beans haggle fu
13144,3,40171.32,0.10,N,pinto beans are furiously un
95748,4,78468.30,0.10,N,accounts hang 
25722,5,52727.04,0.04,N,furiously qu
94318,6,36744.68,0.07,N,blithely regular accounts slee
117595,1,38702.16,0.06,N,ironic asymptotes detect-- bo
156485,1,64742.16,0.10,N,regular
27230,2,50918.12,0.05,N,quickly express instructions
48360,3,58876.20,0.04,N,slyly final accounts sleep a
170012,4,11902.11,0.01,N,slyly ironic foxes above the furiou
52148,1,24203.08,0.04,A,foxes thrash closely according to the 
18649,1,26649.88,0.07,A,regular theodolites try to boost dari
20646,2,29766.16,0.08,R,carefully unusual accounts b
185785,3,78572.76,0.08,A,furiously re
81009,4,10890.00,0.05,A,foxes are. dogge
111956,5,61006.45,0.05,A,quickly ironic ideas s
137343,1,44170.88,0.00,N,bold instructions use slowly alongside 
121382,2,1403.38,0.05,N,slyly even requests nag quickly around the
61141,3,34166.34,0.04,N,even requests use. co
195826,4,15374.56,0.02,N,regular ac
38215,5,53047.66,0.01,N,carefully regul
78696,6,31819.11,0.04,N,blithely pending accounts against the pe
32694,1,13013.52,0.00,N,quickly pending in
79758,2,39968.25,0.04,N,quickly regular acc
87745,3,15594.66,0.04,N,unusual
30133,1,52093.37,0.10,N,slyly special frays haggle about 
31950,2,84687.75,0.06,N,even attainments alongs
183351,3,71717.50,0.06,N,express accounts against the carefully 
164805,4,41135.60,0.07,N,blithely ironic re
76308,5,61646.40,0.00,N,furiously regular accou
96871,6,18678.70,0.01,N,slyly final
149523,1,78626.00,0.01,N,blithely ironic requests 
27973,2,76038.80,0.08,N,furiously regular requests wake. expres
136884,3,42259.36,0.00,N,even ideas detect. unusual deposits are 
75437,1,50847.48,0.00,N,slyly express deposits among the daring
67040,2,40281.60,0.03,N,regular requests across the bli
135912,3,50645.66,0.04,N,quick foxes wake. blithely daring requ
71865,4,69800.68,0.08,N,blithely regular packages are slyly. 
28099,5,3081.27,0.07,N,unusual foxes boost furiou
46543,6,68518.84,0.00,N,brave accou
91896,1,88730.83,0.06,R,quickly ironic deposits wake quick
82099,2,2162.18,0.02,R,slyly final th
188804,1,35963.20,0.08,N,unusual
22847,2,65484.08,0.01,N,regular accounts wake quickly. furious
179419,3,59936.40,0.05,N,express
82470,4,14524.70,0.09,N,forges are after the furio
64154,5,6708.90,0.03,R,furiously unusu
32014,6,11352.12,0.04,R,blithely regular platelets wake fur
50769,7,3439.52,0.09,N,regular
61732,1,33874.60,0.09,N,ideas doze blithely. foxe
121628,2,72583.28,0.01,N,express
78713,1,35525.91,0.06,N,fluffily special asympt
117452,2,49961.30,0.08,N,carefully unusual dolphins are slyly at 
12812,3,10348.86,0.06,N,quickly final packages
115362,4,59226.48,0.00,N,carefully ironic packages n
104014,1,10180.10,0.03,A,blithely bold requests 
147605,2,62798.80,0.10,A,regular ideas h
182145,3,13498.54,0.00,R,final patterns eat alo
108606,4,54896.40,0.09,R,slyly ironic requests haggle alongside
130881,5,61180.16,0.01,R,bold foxes are about the final deposits. s
108692,6,42517.25,0.04,R,carefully bold accoun
24974,1,20888.67,0.01,N,final deposits boost care
44551,1,41875.40,0.03,N,furiously ironic deposit
155391,2,21695.85,0.02,N,blithely quick asymptotes b
40932,3,16856.37,0.04,N,fluffily final dependencies shall use 
132197,4,13521.09,0.06,N,carefully regular
23349,5,29263.82,0.00,N,accounts wake. slyly ironic Tiresias sl
164711,1,53271.30,0.07,N,final pinto beans affix quickly carefu
83164,2,26384.68,0.05,N,bold
133178,3,14534.04,0.01,N,express accounts detect carefully fin
121990,4,92551.54,0.07,N,carefully 
70019,5,15824.16,0.01,N,slyly final requests use. iron
196358,6,56719.65,0.09,N,furiously ironic deposi
185956,7,98013.60,0.03,N,deposits hinder along the car
158970,1,2028.97,0.07,N,regular dependencies grow 
2946,2,70259.72,0.05,N,furiously bold deposits maint
105900,3,36212.10,0.00,N,regular ins
46267,4,32758.02,0.08,N,quickly regular accounts cajo
9041,5,12350.52,0.06,N,furiously ironic accounts nag quic
150926,6,5930.76,0.04,N,ideas use carefully among the c
138474,1,71086.09,0.08,R,carefully iro
169547,1,6466.16,0.02,N,even pinto beans nag furiously even
170188,2,22647.24,0.00,N,slyly unusual
84585,1,25113.28,0.08,N,enticing accounts eat doggedly silent
70789,1,77430.32,0.08,N,furiously final patterns across 
136347,2,66400.32,0.01,N,platelets thrash blithely fluffily
181345,3,4279.02,0.05,N,slyly enticing theodol
196550,1,3293.10,0.06,A,express
4641,2,9273.84,0.00,A,finally silent depos
182,3,22725.78,0.03,A,regular ideas after the carefully
56720,4,35211.12,0.08,A,blithely bold pinto beans are quickly even 
92995,5,37771.81,0.00,A,carefully fina
152753,6,57784.00,0.06,A,carefully pending requests cajo
195061,1,20809.08,0.07,R,dogged
188735,2,69301.74,0.07,A,carefully spec
65213,3,42415.56,0.08,R,regular
20101,4,18379.80,0.09,A,unusual ideas hinder. blithely bold foxes w
23480,5,53332.24,0.06,R,carefully ironi
190307,1,43316.30,0.04,N,never ironic courts at the 
23786,1,13678.24,0.08,N,quickly pending requests around 
158813,2,37436.20,0.00,N,final foxes cajole. unusu
161089,3,18401.28,0.07,N,furiously regular ideas sleep 
86490,1,2952.98,0.07,N,blithely express deposits detect blithely
33096,2,6174.54,0.06,N,fluffily regula
36565,3,9009.36,0.08,N,carefully express instructions outside
137608,4,8228.00,0.03,N,carefully special de
25886,1,45297.00,0.06,A,final foxes above th
63233,2,16747.22,0.08,R,furiously sil
155542,1,63901.60,0.02,N,quickly even dependencies haggle
187025,2,25576.46,0.05,N,carefully si
150618,1,15017.49,0.00,N,quickly pending accounts co
32145,2,42008.46,0.02,N,theodolites nod quickly. blithely expres
59048,3,6042.24,0.03,N,even foxes lose closely even
6189,4,44902.38,0.04,N,unusual
12612,5,42689.08,0.00,N,final deposits should ha
166717,6,8918.55,0.05,N,quickly ironic waters eat slyly acro
84916,1,62730.03,0.03,N,ideas wake sl
173320,2,43192.92,0.04,N,deposits wil
184444,3,29040.36,0.04,N,deposits solve quickly. foxes 
63384,1,55242.58,0.09,N,even
92527,2,21273.28,0.06,N,furiously silent depths
100106,3,54198.90,0.10,N,furiously regular theodolites wake qu
74925,4,56997.60,0.10,N,even deposits wa
56409,1,9557.80,0.07,N,carefully final requests sleep slyly. even
50262,2,59400.74,0.05,N,carefully regular
140309,3,56670.60,0.07,N,pending
167750,4,65439.00,0.06,N,slyly final foxes nag permanen
144364,1,1408.36,0.07,N,bold accounts affix blithely final 
119625,2,77297.14,0.10,N,blithely bold ideas play flu
129431,3,49654.62,0.01,N,furiously regu
141250,4,42611.25,0.10,N,slyly final accounts abou
188537,5,21131.89,0.04,N,final deposits haggle blithely a
153579,1,31018.83,0.08,N,quickly regular foxes sleep slyly 
197310,2,56292.40,0.03,N,asymptotes solve idle idea
65533,1,31469.13,0.01,R,furiously even packages use amon
110792,1,88336.71,0.10,N,slyly bold accounts alongside
67896,2,20502.79,0.07,N,furiously 
117617,3,42499.86,0.09,N,blithely ironic accounts d
185206,4,21950.40,0.03,N,blithely even orbits wake 
145743,5,69760.86,0.08,N,fluffily fi
94365,6,6796.80,0.00,N,regular foxes haggle furiously across t
189280,7,36970.56,0.06,N,requests at the slyly ir
16855,1,69102.15,0.05,R,carefully bold accou
80676,2,1656.67,0.08,R,ironic deposits kindle carefully
119545,3,61017.06,0.09,A,ironic requ
184959,1,10219.75,0.07,R,ironic pains boost
194864,2,54848.08,0.07,R,carefully express t
66130,3,53710.37,0.00,A,ironic theo
38942,4,52666.32,0.05,A,fluffily pending pla
87737,5,1724.73,0.08,R,furiously bold deposits wake slyly furiousl
188203,6,42609.60,0.10,R,thinly even p
90027,1,17289.34,0.06,N,asymptotes de
78348,2,7958.04,0.05,N,quickly bold theodolites are requests-- 
185016,3,3303.03,0.03,N,quickly unusual excuses wake regularly at
158304,4,9536.10,0.02,N,bold asymptotes sl
194109,1,25265.10,0.00,R,unusual
186897,2,95226.72,0.07,A,carefully even foxes hagg
166963,3,87288.28,0.05,A,even
146951,4,27971.30,0.04,A,regular
195308,5,42099.00,0.08,R,pending foxes cajole daringly careful
136241,6,61307.52,0.04,A,slyly pending inst
104545,1,55783.44,0.10,A,requests x-ray? carefully ironic in
92997,1,97509.51,0.09,R,carefully unusual deposits sublate permane
416,2,52656.40,0.09,A,fluffily re
179475,3,34198.34,0.05,A,even reque
31474,4,63246.15,0.07,R,foxes wake caref
125192,1,21909.42,0.01,R,blithely unusual requests across the caref
99477,2,1476.47,0.09,R,even platelets engage blithe
94311,3,52212.40,0.05,R,thinly unusual packages use blithely blithe
70043,4,25326.00,0.03,A,furiously 
3794,5,69609.39,0.07,R,unusual deposits c
53624,1,41018.12,0.10,A,regular deposits cajole blithely ac
12260,1,32823.28,0.00,A,pending warthogs boost blithely carefully
50168,2,53671.68,0.01,N,final
162447,3,34717.12,0.05,N,slyly thin deposits boost final
44743,4,65821.86,0.08,A,quickly regular asympto
189459,5,72777.15,0.10,R,foxes wake carefully. final
133143,1,54102.44,0.02,A,quickly express foxes are fl
129821,2,20359.02,0.05,A,requests haggle furiously along the final 
100047,3,46069.76,0.04,R,ideas wake. blithely unusual th
79744,4,12066.18,0.01,A,unusual packages are carefully fi
49295,5,28618.67,0.02,R,carefully fi
84932,6,63258.69,0.00,R,final
50239,7,45190.74,0.08,R,pinto beans after the carefully 
159694,1,57871.77,0.01,A,silent accounts about the even
169422,2,70096.74,0.07,R,fluffily pendi
69227,3,55026.12,0.10,A,quickly regu
95402,4,68472.60,0.05,R,express in
4703,5,69131.10,0.06,A,silent platelets cajole except the f
33631,6,28163.34,0.10,A,carefully iro
27031,7,8622.27,0.03,A,slyly unusual excuses haggle slyly 
108975,1,61503.07,0.00,R,unusual foxes wake. furiousl
126723,2,1749.72,0.07,A,furiously express ideas 
29744,3,40169.76,0.06,A,special theod
98738,4,59048.82,0.01,R,blithely final pa
89173,5,19756.89,0.04,A,ironic pinto beans h
114481,6,59819.20,0.10,R,slyly even pack
16310,1,50278.71,0.08,N,platelets cajole slyly packa
112177,2,5945.85,0.10,N,final pinto beans integrate blithely
152882,3,29023.20,0.08,N,slyly unusual theodolites ag
172190,1,51749.79,0.06,R,even instructi
189656,2,15710.85,0.03,R,ironic instructi
142390,3,50133.65,0.02,R,regular gifts haggle furiously.
70495,1,32240.78,0.03,R,carefully close pinto beans cajole slyl
101366,1,31449.28,0.06,A,ironic foxes haggle instruction
58285,2,4973.12,0.02,R,furiously final foxes haggle: slyly pendin
156455,1,1511.45,0.04,N,slyly express requests haggl
136633,2,58437.05,0.08,N,fluffily regular platelets sleep boldly. 
175802,3,63845.20,0.10,N,carefully even deposits use 
99269,4,19023.90,0.09,N,blithely ir
4669,5,72388.36,0.09,N,fluffily silent foxes wake fluffily 
50972,1,17306.73,0.09,N,slyly brave t
77668,2,32913.20,0.07,N,special gifts across the pending
162330,3,48731.55,0.05,N,furiously express deposits impress furious
72825,4,43147.68,0.01,N,slyly unusual deposits above the ir
165127,5,36955.72,0.01,N,quickly bold ideas use 
75930,6,62895.69,0.09,N,carefully ironi
142123,7,12816.32,0.07,N,thin requests bet
58986,1,62239.36,0.04,R,unusual
167361,2,55706.04,0.00,R,express requests boost. bl
23226,3,52864.12,0.01,R,slyly special packages cajole
147638,4,1685.63,0.06,R,furiously final account
149613,5,41565.25,0.00,A,carefully silent deposits cajole carefull
145537,1,31650.60,0.05,R,fluffily ironic courts 
36553,2,32770.10,0.01,A,carefully express pinto beans 
142489,3,24503.68,0.06,R,slyly pending pinto beans sleep car
198067,4,55922.88,0.08,R,blithely ex
97451,5,23175.20,0.06,R,blithely regular theodolites snooze blit
42888,6,20139.68,0.09,R,carefully s
191759,1,16656.75,0.09,N,never final theodolites nod
189981,1,82839.20,0.05,N,final requests cajole! q
3839,2,24399.62,0.07,N,slyly even
188322,1,64874.72,0.05,N,regular
116218,2,43197.35,0.10,N,blithely regular sentiments thro
196629,1,39689.26,0.05,N,carefully regular tithes print fluffil
154736,1,60884.82,0.01,R,blithely regular ideas haggle slyly
42642,2,34862.08,0.00,A,regular dependenci
123805,1,5486.40,0.05,N,quickly regular packages 
179124,2,22859.28,0.06,N,blithely ironic accounts wake fl
121298,3,43536.57,0.09,N,blithely ironic accounts haggle slyly
55176,4,5655.85,0.07,N,accounts cajole. instructions de
142490,5,55169.64,0.08,N,blithely quick accounts haggle s
22352,6,8920.45,0.10,N,regular foxes agains
86203,1,8324.40,0.00,N,blithely special instructions wake daringl
197250,2,20208.75,0.08,N,furiously ironic deposi
168496,3,15644.90,0.01,N,patterns cajole
107229,4,49448.80,0.10,N,carefully stealthy asymp
162111,1,55136.17,0.06,A,quickly regular requests cajole ironi
192916,2,76338.58,0.07,R,quickly iron
138984,3,14160.86,0.04,R,slyly regular packages 
89308,4,32432.50,0.00,R,furiously clo
185454,5,18473.40,0.01,A,furiously 
113665,6,35251.86,0.04,R,ironic
159288,7,61974.88,0.03,R,furiously unusual accounts above th
145767,1,3625.52,0.10,R,packages impress slyl
102501,2,40594.50,0.00,A,carefully unusual theod
127086,3,51201.68,0.10,R,express dugouts against the fluffily 
127682,4,34193.60,0.09,A,quickly bold accounts
157380,1,66119.48,0.05,N,final
79423,2,32255.66,0.02,N,accounts should have to are furiou
56626,3,20574.06,0.00,N,regular accounts nag. foxes about t
97851,4,25883.90,0.06,N,express accounts 
168002,5,34240.00,0.04,N,pending deposits wake slyly quickly bold
181815,1,22761.72,0.01,R,carefully pending accounts detect quickly
197203,1,44206.80,0.00,R,bold packages among the sl
187016,2,4412.04,0.00,A,slyly pending deposits sleep
169700,3,40703.10,0.04,A,sauternes affix against the furiously 
140786,4,21921.36,0.04,A,carefully even excuses cajole car
174837,5,57354.90,0.02,A,furiously eve
84489,1,41257.44,0.00,N,ironic excuses use
3502,2,70275.00,0.07,N,slyly unusual asymptotes boost furiousl
48733,3,20180.76,0.05,N,deposits sleep furiously. acco
43470,4,66433.09,0.09,N,carefully ironic deposits
187523,5,48315.60,0.07,N,final theodolites boost quickly about the
1206,1,24358.40,0.10,N,slyly regular accounts nag abo
65211,2,41167.35,0.00,N,close escapa
198037,3,32915.87,0.06,N,bold deposits doze ironically regula
186404,1,37260.00,0.03,N,even deposits throug
90396,2,30500.58,0.09,N,unusual
101309,1,60273.80,0.04,A,carefully unusual forges may hag
95395,2,20855.85,0.08,A,bravely regular pinto be
101553,3,37309.20,0.08,A,blithely express accounts nag behind th
191891,4,31726.24,0.01,A,fluffily regular excuses are
100006,5,48288.00,0.09,R,theodolites sleep furiously. s
191966,6,100840.04,0.02,A,dogged instructions alongside of th
191460,1,32580.66,0.01,N,carefully ironic accounts affix slyly. regu
195813,1,74443.59,0.06,N,bold pinto
17862,2,3559.72,0.00,N,carefully fluffy packages integrate a
5964,3,56098.80,0.06,N,furiously final deposits haggle blith
24493,4,52447.13,0.10,N,ideas above the deposits cajole s
46500,5,67985.50,0.06,N,special
111635,6,70805.09,0.10,N,hockey player
48062,7,33331.98,0.01,N,ironic foxes against t
175068,1,41150.16,0.02,A,bold foxes are-- quickly ironic excuses wa
159077,2,4544.28,0.01,R,bold
180119,1,46765.29,0.09,N,bold multipliers haggle about the b
53281,2,30857.00,0.03,N,slyly regular requests cajole furi
6983,1,22679.76,0.10,N,blithely unusual requests solve above the
160505,2,59489.00,0.03,N,quickly bold packages above the 
6393,3,18191.46,0.02,N,furiously even accounts engage fu
41262,4,8422.82,0.06,N,doggedly ironic depths are deposits. som
77402,5,17932.20,0.09,N,finally bold attainments wa
81921,6,43767.16,0.08,N,accounts wake alongside of the slyly
52698,1,57774.15,0.10,R,regular
83007,2,9900.00,0.05,R,blithely even dolphins sleep slyly against 
85119,3,38643.85,0.03,R,never ironic packages haggle. furiousl
179834,4,19138.30,0.08,A,regular
53649,5,67310.88,0.02,A,dependencies boost carefully blithe
99317,1,6581.55,0.06,A,quickly regular dep
10005,2,28365.00,0.02,A,pending foxes haggle. quickly 
150082,3,44151.12,0.06,A,fluffily pending ideas nag. c
28056,4,27553.40,0.10,R,fluffily final accounts sleep ste
133007,5,9360.00,0.09,R,pains breach furiously
39505,6,62113.50,0.07,A,slyly regular instructio
182652,1,84997.85,0.08,N,theodolites use furiously afte
16038,2,2862.09,0.10,N,slyly pending deposits shall have to wake 
147809,3,63131.20,0.02,N,blithely thin ideas doze. furio
14993,4,15263.92,0.00,N,pending ideas are slyly. orbits use blithel
176160,5,54391.04,0.09,N,express
119813,6,3665.62,0.07,N,pinto beans ab
31640,1,25146.24,0.10,N,quickly iron
173244,2,27662.04,0.01,R,platelets impress
107093,3,22001.80,0.01,N,slyly regular instructio
71833,1,68583.54,0.00,N,quickly special requests 
84262,2,26171.46,0.04,N,furiously unusual packages are quickly
175028,3,28678.52,0.01,N,pending instructions wake along the s
5111,1,13209.43,0.10,R,slyly express requests wake sl
94616,2,33822.81,0.05,A,blithely express in
2700,3,33656.70,0.05,A,furiously quiet real
163556,4,19434.60,0.08,A,final decoys
73144,5,50271.30,0.01,R,foxes cajole furiously among the st
121868,6,18898.60,0.08,A,blithely pen
25641,7,17233.04,0.01,A,packages sleep slyly final packages. sheav
142568,1,64422.40,0.08,A,slyly blithe accounts nod fl
132751,2,60647.50,0.08,A,warthogs sleep accounts. package
130920,3,85840.48,0.07,R,blithely pending accounts haggle fur
156598,4,29782.62,0.09,R,regular
131708,5,33054.30,0.08,A,slyly unusual ideas detect. even
53401,1,10835.20,0.07,N,furiously regular foxes wake carefully qu
98771,2,37165.17,0.08,N,fluffily unusual requests a
125293,1,39548.70,0.08,A,even excuses along the
198375,2,2946.74,0.02,A,regular foxes according to the 
75519,3,65758.44,0.04,R,even
37511,4,30418.71,0.01,A,fluffily ironic pinto beans
197826,1,48095.50,0.07,N,dependencies along the fluffily speci
56623,2,45808.98,0.07,N,deposits according to t
46414,3,16324.92,0.01,N,ironically regular theodolites sleep ir
75351,4,34485.10,0.08,N,instructions on the
104752,1,1756.75,0.04,N,carefully final packages cajole fur
159749,2,39792.28,0.08,N,express instructions integr
90335,3,5301.32,0.04,N,quickly final requests play blith
116568,1,77643.44,0.00,R,slyly brave packages cajole? fu
154875,2,94563.63,0.01,A,carefully slow accou
180228,3,62794.56,0.07,A,accounts are quickly. slyly ironic
79226,4,12052.20,0.09,R,carefully permanent ideas cajo
142418,5,43812.30,0.02,R,slyly regular account
11627,6,16924.82,0.02,R,carefully regular in
149,7,19933.66,0.08,A,dolphins ac
102949,1,87837.30,0.01,A,bold
47411,2,32601.84,0.05,A,regular co
53556,1,1509.55,0.04,R,fluffily regular asympt
111833,2,70103.54,0.05,A,unusual dinos believe
161174,3,11116.53,0.05,A,pending foxes detect bold pinto bean
144119,1,41871.96,0.06,R,blithely regular deposits use quick
6951,2,20437.45,0.03,A,quick epitaphs cajole
106431,1,47435.19,0.09,N,furiously ironic accounts need to ar
184562,2,46103.68,0.02,N,furiously ironic pinto beans kindle quickly
187915,1,12017.46,0.09,N,carefully thin deposits are afte
83534,2,27315.54,0.03,N,carefully regular requests across the qu
140671,3,78736.82,0.05,N,doggedly regular ideas wake quickly sp
56565,1,59340.84,0.03,A,dogged accounts sleep blithel
87341,2,31880.16,0.08,R,quickly daring inst
133708,1,34834.00,0.10,N,fluffily ironic pinto beans dazzle 
28244,2,31650.48,0.05,N,carefully express pinto beans 
94785,3,40934.94,0.10,N,blithely regular requests sleep around t
43152,4,19712.70,0.09,N,blithely special do
157077,1,26083.61,0.07,N,blithely bold foxes c
188315,2,65955.57,0.08,N,furiously ironic requests
129655,1,57278.10,0.03,N,carefully even deposits run. quickly reg
97941,2,13572.58,0.01,N,quickly final platelets against the silent 
79304,3,43632.20,0.03,N,blithely even
197300,1,22356.80,0.07,R,fluffily regular packages above the exp
19188,2,3321.54,0.02,A,bold
86034,3,15300.45,0.00,R,slyly regular orbits ar
168398,4,49857.26,0.09,A,special dolphins use blithely. 
135703,1,8693.50,0.08,R,final requests haggle slyly of 
138798,1,12857.53,0.04,A,special
167908,1,15807.20,0.06,R,regular
28659,2,20639.45,0.05,R,slyly ironic platelets haggle fu
67432,3,26589.17,0.09,R,carefully express packages according
121059,4,46442.15,0.02,A,special
24498,5,38407.23,0.04,R,quickly ironi
124220,6,23640.18,0.02,R,express
62275,1,33406.29,0.07,N,silent foxes according to the bol
46068,2,36506.16,0.04,N,even requests wake slyly above the accoun
49110,1,38127.96,0.04,A,finally re
185850,2,9679.25,0.06,A,deposits against th
96392,1,66642.72,0.10,N,slyly even ex
54591,2,72642.73,0.07,N,furiously blithe packages accordin
107967,3,25674.48,0.09,N,express pinto beans are across the bold
189917,4,58200.39,0.06,N,slyly final requests wake sl
127480,5,12059.84,0.00,N,packages w
142499,6,40078.74,0.00,N,furiously regular 
173371,7,5777.48,0.00,N,slyly bold ins
38675,1,75842.49,0.07,R,silent
197621,2,17186.20,0.03,A,silently special
1925,3,12788.44,0.09,A,blithely ironi
151663,4,18861.26,0.08,A,pending accou
187481,5,53328.32,0.00,R,slyly regular deposits alongside of the 
176862,6,85309.84,0.09,R,even foxes use slyly; requests affix final 
108889,7,20876.68,0.01,A,express pinto beans are alon
90450,1,21606.75,0.07,R,furiously regul
183170,2,32582.42,0.05,N,accounts along 
125704,3,22486.10,0.07,A,furiously regular deposit
101182,4,2366.36,0.08,R,blithely ironic requests sleep at
160159,1,10972.35,0.07,A,slyly even asymptotes wake slyly special 
178512,2,58848.87,0.03,A,carefully silent at
48242,3,13092.64,0.01,A,furiously bold packages are furi
192166,4,45293.76,0.04,R,carefully express
60085,1,18811.44,0.04,N,special
46070,2,25401.75,0.00,N,fluffily brave req
84976,3,7843.88,0.09,N,deposits wake. iron
179704,4,24971.80,0.05,N,carefully furious
70776,5,6987.08,0.06,N,express asymptotes acco
119083,6,51797.76,0.00,N,accounts are 
13423,7,14700.62,0.02,N,slyly regular requests grow furiously ir
198532,1,71743.32,0.01,R,blithely fin
114624,2,78653.76,0.08,A,dependencies must caj
74130,3,26499.12,0.03,R,brave requests n
21113,1,37227.96,0.01,N,slyly ironic pac
45222,2,2334.44,0.09,N,furiously dogged as
42615,3,57631.57,0.04,N,silent depo
17758,4,18433.25,0.00,N,fluffy instructions nag
110509,1,4558.50,0.06,R,slyly ironic instructions are slyly ev
117211,2,9825.68,0.06,R,slyly unus
164836,3,45619.92,0.02,R,furiously pending depo
64367,1,35946.72,0.04,N,blithely reg
8890,2,62961.15,0.06,N,fluffily regular theodolites affix quickl
8238,3,37825.59,0.02,N,enticingly regular gifts un
55408,4,12270.60,0.09,N,ironic platelets around the spec
41041,5,982.04,0.04,N,carefully regular accounts are carefu
167067,6,14742.78,0.07,N,evenly fin
168148,1,35268.06,0.07,R,fluffily even asymptotes about the instruct
47775,2,41346.48,0.05,A,blithely final dolphins use. bl
151774,3,83985.42,0.08,A,furiously 
51313,4,54365.33,0.10,A,deposits mold. pinto bean
11725,5,62195.36,0.02,N,slyly express accounts across the furious
54038,6,49601.50,0.05,N,even frays use fu
10337,7,13720.63,0.00,A,blithely bold gifts sl
128672,1,76530.15,0.09,R,doggedly ironic deposi
174218,2,56857.24,0.02,A,quickly final excuses caj
73036,3,14126.42,0.06,A,fluffily ironic requests thr
101639,4,11484.41,0.06,A,idle
44804,1,62956.80,0.10,R,regularly ironic deposits are furiously a
17295,2,56977.63,0.08,A,quickly regular depos
64230,3,11942.30,0.07,A,carefully close war
99635,4,34327.23,0.06,A,bold packages integrate quickly.
163239,5,65111.50,0.03,A,final requests wake furiously pending 
144557,6,16015.50,0.00,A,furiously quiet 
166196,7,37865.70,0.07,R,slyly even deposits nag slyly ironic
39783,1,31010.04,0.00,A,slyly even accounts can
16788,2,17047.80,0.05,A,carefully pending asymptotes sleep qu
146052,3,52706.40,0.01,A,carefully r
81324,4,49602.16,0.08,A,regular
43763,1,69977.16,0.01,N,blithely ironic requests cajo
48267,1,27950.98,0.02,R,thinly pen
12132,2,28191.51,0.02,R,furiously bold theodolites wake even ac
99192,3,30970.94,0.05,A,slyly even dept
117900,1,34522.20,0.07,N,furiously even pinto be
27410,1,30760.43,0.05,N,carefully even 
64553,2,34903.65,0.02,N,carefully ironic m
134031,3,38341.08,0.06,N,evenly ironic foxes are caref
57192,4,14939.47,0.08,N,furiously unu
12130,5,8337.04,0.02,N,bold packages use. caref
58299,6,1257.29,0.01,N,furiously regular deposits haggl
106999,1,2005.99,0.07,A,requests sleep according to t
116212,2,30705.25,0.06,R,final theodolites are
174776,3,59224.64,0.01,R,busily final inst
117921,1,13572.44,0.10,N,quickly pending 
90469,2,26270.28,0.09,N,slyly ironic accounts cajole acco
96938,3,81267.06,0.06,N,special
33476,4,40874.63,0.00,N,carefully ev
25276,5,45648.26,0.03,N,final deposits engage 
196988,6,62549.40,0.09,N,enticing ideas run f
56598,1,55965.24,0.01,R,furiously regu
35276,2,32704.29,0.09,A,pending plate
79649,3,4885.92,0.07,A,unusual deposits eat quickly accordi
56308,4,25286.00,0.04,R,carefully 
151996,5,24575.88,0.02,A,quickly ironic depo
187354,6,7206.75,0.02,A,slyly unusual t
193152,1,8716.05,0.01,R,final
97483,2,71063.04,0.10,R,furiously i
198936,1,79362.27,0.04,N,carefully regular accounts cajole slyly
112231,2,1243.23,0.02,N,final platelets wak
56790,3,85592.71,0.01,N,furiously regular asymptot
54514,4,64614.44,0.05,N,slyly final theodolites cajol
107207,1,24284.00,0.04,N,furiously even deposits maintain
17015,2,21436.23,0.06,N,carefully express theodol
179337,1,26910.27,0.07,N,bold deposits across the
116560,2,66215.52,0.02,N,regular
21218,3,47846.82,0.06,N,quickly regula
4189,4,21863.60,0.04,N,pending deposits sleep fl
58957,1,78553.95,0.05,R,unusual
84402,2,5545.60,0.01,A,slyly regular theodolites among the
131550,3,15815.50,0.00,A,bold deposit
147690,4,85146.81,0.01,A,carefully regular reques
16893,5,74205.49,0.08,A,carefully special deposits haggle by the 
105311,6,22377.27,0.05,A,final ideas alongside 
160878,7,34899.66,0.00,A,special
59906,1,26122.60,0.10,N,unusual ideas boost fluff
37967,2,64768.64,0.02,N,carefully brave accounts 
104722,3,51801.60,0.10,N,permanent packages are blithely. express
47212,4,24343.41,0.06,N,deposits nod final
91050,5,7287.35,0.09,N,blithely express foxes are quickly qui
74101,6,44079.10,0.10,N,quickly unusual requests haggle fur
174476,1,51165.51,0.01,N,fluffily express reque
2145,2,29319.92,0.06,N,furiously special ideas above the special
39924,3,18639.20,0.03,N,slyly regular requests 
190751,4,73670.00,0.01,N,slyly express excuses haggle blithely aga
145484,5,50472.84,0.09,N,fluffily ironic excuses affix
136979,6,70558.95,0.04,N,slyly special deposits after the pending ac
4967,7,28079.40,0.09,N,furiously express instructions should
64486,1,5801.92,0.07,R,slyly even depend
9177,2,11947.87,0.01,R,silent instructions above the blithely i
30745,3,8378.70,0.08,A,slyly even
130471,4,37536.75,0.10,A,even
172294,1,20494.35,0.08,N,furiously silent pinto beans maintain unusu
128707,2,48599.60,0.08,N,furiously regular deposi
165067,3,50942.70,0.00,N,accounts wake blithely expres
65736,4,42543.25,0.01,N,slyly bold requests are blithely. slyly r
23196,5,20145.42,0.06,N,unusual platelets breach. slyly fin
172396,1,63140.77,0.03,N,slyly regular packages after the quic
162614,1,18442.71,0.00,N,theodolites haggle slyly according to 
47438,2,23552.31,0.03,N,slyly bold requests affix about the regul
9924,1,40346.24,0.04,A,furiously even ideas sleep according to t
180410,2,10432.87,0.10,R,slyly regular deposits sleep ac
141752,3,53812.50,0.05,A,carefully 
10143,4,6318.84,0.09,R,excuses sl
72407,5,1379.40,0.04,R,furiously bold forges al
60071,1,35056.38,0.00,R,quickly ironic foxes are blithely
198758,2,76126.75,0.08,A,unusual
